{
	"partitions" : [
		{
			"name" : "Top",
			"pins" : [
				{
					"name" : "HUND_ONES_7SEG[0]",
					"strict" : false
				},
				{
					"name" : "HUND_ONES_7SEG[1]",
					"strict" : false
				},
				{
					"name" : "HUND_ONES_7SEG[2]",
					"strict" : false
				},
				{
					"name" : "HUND_ONES_7SEG[3]",
					"strict" : false
				},
				{
					"name" : "HUND_ONES_7SEG[4]",
					"strict" : false
				},
				{
					"name" : "HUND_ONES_7SEG[5]",
					"strict" : false
				},
				{
					"name" : "HUND_ONES_7SEG[6]",
					"strict" : false
				},
				{
					"name" : "HUND_TENS_7SEG[0]",
					"strict" : false
				},
				{
					"name" : "HUND_TENS_7SEG[1]",
					"strict" : false
				},
				{
					"name" : "HUND_TENS_7SEG[2]",
					"strict" : false
				},
				{
					"name" : "HUND_TENS_7SEG[3]",
					"strict" : false
				},
				{
					"name" : "HUND_TENS_7SEG[4]",
					"strict" : false
				},
				{
					"name" : "HUND_TENS_7SEG[5]",
					"strict" : false
				},
				{
					"name" : "HUND_TENS_7SEG[6]",
					"strict" : false
				},
				{
					"name" : "SEC_ONES_7SEG[0]",
					"strict" : false
				},
				{
					"name" : "SEC_ONES_7SEG[1]",
					"strict" : false
				},
				{
					"name" : "SEC_ONES_7SEG[2]",
					"strict" : false
				},
				{
					"name" : "SEC_ONES_7SEG[3]",
					"strict" : false
				},
				{
					"name" : "SEC_ONES_7SEG[4]",
					"strict" : false
				},
				{
					"name" : "SEC_ONES_7SEG[5]",
					"strict" : false
				},
				{
					"name" : "SEC_ONES_7SEG[6]",
					"strict" : false
				},
				{
					"name" : "SEC_TENS_7SEG[0]",
					"strict" : false
				},
				{
					"name" : "SEC_TENS_7SEG[1]",
					"strict" : false
				},
				{
					"name" : "SEC_TENS_7SEG[2]",
					"strict" : false
				},
				{
					"name" : "SEC_TENS_7SEG[3]",
					"strict" : false
				},
				{
					"name" : "SEC_TENS_7SEG[4]",
					"strict" : false
				},
				{
					"name" : "SEC_TENS_7SEG[5]",
					"strict" : false
				},
				{
					"name" : "SEC_TENS_7SEG[6]",
					"strict" : false
				},
				{
					"name" : "COUNT_LED",
					"strict" : false
				},
				{
					"name" : "LAP_LED",
					"strict" : false
				},
				{
					"name" : "CLK",
					"strict" : false
				},
				{
					"name" : "RSTN",
					"strict" : false
				},
				{
					"name" : "SW_START_STOP",
					"strict" : false
				},
				{
					"name" : "SW_CLEAR",
					"strict" : false
				},
				{
					"name" : "SW_LAP",
					"strict" : false
				}
			]
		}
	]
}